metric,value
sensitivity,0.6723044397463002
specificity,0.7324478178368121
auc,0.7780447785743227
